Cultivo;Campaña;Zona;Sembrado (Ha);Perdído(Ha);Cosechado(Ha);Rinde(qq/Ha);Producción(MTn)
Soja;2000/2001;VI;3140000;1000;3139000;27.3;8569470
Soja;2000/2001;VIII;150000;4000;146000;27.5;401500
Soja;2000/2001;VII;2100000;63000;2037000;27.1;5520270
Soja;2000/2001;X;150000;13000;137000;20;274000
Soja;2000/2001;XI;85000;1500;83500;19;158650
Soja;2000/2001;XII;150000;8000;142000;15.5;220100
Soja;2000/2001;TOTAL;11140000;287500;10852500;25.4;27512531
Soja;2001/2002;VI;3150000;21000;3129000;26.4;8260560
Soja;2001/2002;VIII;230000;9000;221000;25.5;563550
Soja;2001/2002;VII;2200000;18000;2182000;28.3;6175060
Soja;2001/2002;X;160000;3000;157000;22;345400
Soja;2001/2002;XI;60000;2000;58000;20;116000
Soja;2001/2002;XII;160000;7000;153000;20.5;313650
Soja;2001/2002;TOTAL;11700000;180000;11520000;26;29934700
Soja;2002/2003;VI;2920000;10000;2910000;32;9312000
Soja;2002/2003;VIII;780000;3300;776700;27;2097090
Soja;2002/2003;VII;2450000;10000;2440000;31.5;7686000
Soja;2002/2003;X;180000;700;179300;28;502040
Soja;2002/2003;XI;100000;5000;95000;17.9;170050
Soja;2002/2003;XII;190000;1000;189000;19;359100
Soja;2002/2003;TOTAL;12800000;110000;12690000;27.8;35273280
Soja;2003/2004;VI;3100000;4800;3095200;25.3;7830856
Soja;2003/2004;VIII;880000;2300;877700;20.5;1799285
Soja;2003/2004;VII;2500000;1000;2499000;29.2;7297080
Soja;2003/2004;X;250000;400;249600;21.2;529152
Soja;2003/2004;XI;230000;12000;218000;15.5;337900
Soja;2003/2004;XII;460000;25000;435000;16.5;717750
Soja;2003/2004;TOTAL;14500000;136000;14364000;22.1;31798423
Soja;2004/2005;VI;3030000;5000;3025000;33.2;10043000
Soja;2004/2005;VIII;1000000;0;1000000;24;2400000
Soja;2004/2005;VII;2550000;0;2550000;33.7;8593500
Soja;2004/2005;X;250000;0;250000;31;775000
Soja;2004/2005;XI;190000;0;190000;20;380000
Soja;2004/2005;XII;320000;10000;310000;26;806000
Soja;2004/2005;TOTAL;14670000;335000;14335000;27.7;39686350
Soja;2005/2006;VI;3250000;4000;3246000;30.5;9900300
Soja;2005/2006;VIII;1060000;5000;1055000;20.1;2120550
Soja;2005/2006;VII;2430000;10000;2420000;31.7;7671400
Soja;2005/2006;X;390000;500;389500;28.4;1104233
Soja;2005/2006;XI;220000;30000;190000;17;323000
Soja;2005/2006;XII;450000;50000;400000;20.5;820000
Soja;2005/2006;TOTAL;15630000;200000;15430000;26.4;40801596
Soja;2006/2007;VI;3355000;15000;3340000;33.5;11189000
Soja;2006/2007;VIII;1100000;5000;1095000;24.7;2704650
Soja;2006/2007;VII;2475000;10000;2465000;35;8627500
Soja;2006/2007;X;420000;2000;418000;30;1254000
Soja;2006/2007;XI;250000;6000;244000;16.9;412360
Soja;2006/2007;XII;470000;45000;425000;21;892500
Soja;2006/2007;TOTAL;16100000;180000;15920000;29.8;47501610
Soja;2007/2008;I;1090000;18000;1072000;29.2;3130240
Soja;2007/2008;II;1440000;50000;1390000;18;2502000
Soja;2007/2008;III;2110000;35000;2075000;28;5810000
Soja;2007/2008;IV;1345000;23000;1322000;26.5;3503300
Soja;2007/2008;V;985000;26000;959000;26.6;2550940
Soja;2007/2008;VI;3350000;25000;3325000;32.8;10906000
Soja;2007/2008;VII;2525000;19000;2506000;33.8;8470280
Soja;2007/2008;VIII;1135000;15000;1120000;22;2464000
Soja;2007/2008;IX;1205000;12500;1192500;31.5;3756375
Soja;2007/2008;X;440000;4500;435500;26.4;1149720
Soja;2007/2008;XI;245000;12000;233000;15.9;370470
Soja;2007/2008;XII;455000;35000;420000;18.7;785400
Soja;2007/2008;TOTAL;16600000;280000;16320000;28.2;46000825
Soja;2008/2009;I;1200000;18000;1182000;24;2836800
Soja;2008/2009;II;1720000;276600;1443400;8.5;1226890
Soja;2008/2009;III;2380000;45220;2334780;22;5136516
Soja;2008/2009;IV;1300000;65000;1235000;20;2470000
Soja;2008/2009;V;990000;108900;881100;16;1409760
Soja;2008/2009;VI;3550000;42600;3507400;28;9820720
Soja;2008/2009;VII;2600000;78000;2522000;19;4791800
Soja;2008/2009;VIII;1068000;128160;939840;11.8;1109011
Soja;2008/2009;IX;1310000;104800;1205200;13;1566760
Soja;2008/2009;X;495000;49500;445500;12;534600
Soja;2008/2009;XI;267000;42720;224280;7.5;168210
Soja;2008/2009;XII;560000;84000;476000;11.5;547400
Soja;2008/2009;XIII;130000;5550;124450;22;273790
Soja;2008/2009;XIV;150000;34600;115400;8;92320
Soja;2008/2009;XV;30000;6350;23650;9;21285
Soja;2008/2009;TOTAL;17750000;1090000;16660000;19.2;32005862
Soja;2009/2010;I;1204000;64000;1140000;27;3078000
Soja;2009/2010;II;1800000;52000;1748000;27.2;4754560
Soja;2009/2010;III;2400000;27000;2373000;26;6169800
Soja;2009/2010;IV;1400000;30000;1370000;24.3;3329100
Soja;2009/2010;V;1020000;18000;1002000;29;2905800
Soja;2009/2010;VI;3432000;24500;3407500;36;12267000
Soja;2009/2010;VII;2680000;31000;2649000;36.3;9615870
Soja;2009/2010;VIII;1209000;18000;1191000;25.8;3072780
Soja;2009/2010;IX;1520000;30000;1490000;28.5;4246500
Soja;2009/2010;X;507000;10000;497000;26.5;1317050
Soja;2009/2010;XI;310000;15000;295000;14.3;421850
Soja;2009/2010;XII;620000;16500;603500;23.5;1418225
Soja;2009/2010;XIII;151000;6000;145000;18;260275
Soja;2009/2010;XIV;205000;7000;198000;30.9;611820
Soja;2009/2010;XV;42000;1000;41000;20;82000
Soja;2009/2010;TOTAL;18500000;350000;18150000;29.5;53550630
Soja;2010/2011;I;1225000;10000;1215000;31;3766500
Soja;2010/2011;II;1810000;22000;1788000;24.5;4380600
Soja;2010/2011;III;2320000;20000;2300000;25;5750000
Soja;2010/2011;IV;1400000;22000;1378000;26.4;3637920
Soja;2010/2011;V;1100000;18000;1082000;26.2;2834840
Soja;2010/2011;VI;3360000;16000;3344000;30.4;10165760
Soja;2010/2011;VII;2600000;17000;2583000;32.8;8472240
Soja;2010/2011;VIII;1140000;18000;1122000;23;2580600
Soja;2010/2011;IX;1540000;35000;1505000;23.2;3491600
Soja;2010/2011;X;561000;14000;547000;24.2;1323740
Soja;2010/2011;XI;330000;14000;316000;15.4;486640
Soja;2010/2011;XII;715000;20000;695000;20;1390000
Soja;2010/2011;XIII;131000;13000;118000;22.4;264320
Soja;2010/2011;XIV;216000;7000;209000;27;564300
Soja;2010/2011;XV;52000;4000;48000;19;91200
Soja;2010/2011;TOTAL;18500000;250000;18250000;27;49200260
Soja;2011/2012;I;1260000;25000;1235000;15.2;1871381
Soja;2011/2012;II;1930000;350000;1580000;9.4;1481936
Soja;2011/2012;III;2330000;21200;2308800;20.5;4729225
Soja;2011/2012;IV;1400000;41000;1359000;15.5;2101250
Soja;2011/2012;V;1116000;7500;1108500;21.3;2366370
Soja;2011/2012;VI;3410000;1000;3409000;28.1;9574235
Soja;2011/2012;VII;2670000;16000;2654000;25.7;6812862
Soja;2011/2012;VIII;1140000;2000;1138000;21.2;2414456
Soja;2011/2012;IX;1550000;110000;1440000;28.7;4136608
Soja;2011/2012;X;565000;67000;498000;27.2;1353199
Soja;2011/2012;XI;328000;11000;317000;20.5;649810
Soja;2011/2012;XII;740000;1800;738200;22.4;1652426
Soja;2011/2012;XIII;137000;4000;133000;13;172508
Soja;2011/2012;XIV;222000;1500;220500;22;484832
Soja;2011/2012;XV;52000;1000;51000;19.4;99055
Soja;2011/2012;TOTAL;18850000;660000;18190000;21.9;39900152
Soja;2012/2013;I;1318579;330253;988326;7.6;754348
Soja;2012/2013;II;1948782;145736;1803046;14.2;2560725
Soja;2012/2013;III;2423858;21391;2402467;23.1;5554408
Soja;2012/2013;IV;1396142;23330;1372812;21.1;2902093
Soja;2012/2013;V;1114975;16543;1098431;30.4;3336560
Soja;2012/2013;VI;3296447;50477;3245970;36;11675555
Soja;2012/2013;VII;2598376;13634;2584741;34.1;8820144
Soja;2012/2013;VIII;1163452;9077;1154375;21.8;2517680
Soja;2012/2013;IX;1318579;11635;1306944;27.6;3607166
Soja;2012/2013;X;405269;12604;392665;23.7;930420
Soja;2012/2013;XI;402360;14543;387817;15.6;604219
Soja;2012/2013;XII;1296279;48477;1247802;19.5;2434951
Soja;2012/2013;XIII;150279;7756;142523;17.1;244227
Soja;2012/2013;XIV;208452;8726;199726;24;479142
Soja;2012/2013;XV;58173;5817;52355;16.7;87433
Soja;2012/2013;TOTAL;19100000;720000;18380000;25.3;46509071
Soja;2013/2014;I;1064395;92880;971515;21.8;2118747
Soja;2013/2014;II;1596110;58900;1537210;26;3995857
Soja;2013/2014;III;2185725;39600;2146125;31.8;6830285
Soja;2013/2014;IV;1437850;82200;1355650;29.9;4058474
Soja;2013/2014;V;1119400;58900;1060500;30;3178118
Soja;2013/2014;VI;3435400;107325;3328075;32.6;10837137
Soja;2013/2014;VII;2702000;91850;2610150;31.4;8205479
Soja;2013/2014;VIII;1186950;48230;1138720;25.1;2860035
Soja;2013/2014;IX;1601900;58900;1543000;26.1;4025019
Soja;2013/2014;X;550050;58840;491210;24;1179104
Soja;2013/2014;XI;482500;39420;443080;13.6;602222
Soja;2013/2014;XII;1534350;78180;1456170;18.7;2720003
Soja;2013/2014;XIII;159225;19300;139925;20.2;283138
Soja;2013/2014;XIV;195895;10650;185245;28.7;531119
Soja;2013/2014;XV;48250;4825;43425;17.4;75698
Soja;2013/2014;TOTAL;19300000;850000;18450000;27.9;51500436
Soja;2014/2015;I;900000;30000;870000;24;2088000
Soja;2014/2015;II;1500000;70000;1430000;20;2854280
Soja;2014/2015;III;2200000;65000;2135000;38.1;8134564
Soja;2014/2015;IV;1700000;45000;1655000;34.6;5726300
Soja;2014/2015;V;1300000;80000;1220000;33;4027105
Soja;2014/2015;VI;3270000;150000;3120000;41.6;12991514
Soja;2014/2015;VII;2730000;70000;2660000;39.8;10586800
Soja;2014/2015;VIII;1250000;70000;1180000;27.1;3197800
Soja;2014/2015;IX;1850000;100000;1750000;30.4;5311250
Soja;2014/2015;X;650000;55000;595000;24;1430540
Soja;2014/2015;XI;520000;45000;475000;15.9;755250
Soja;2014/2015;XII;1680000;100000;1580000;15.5;2441100
Soja;2014/2015;XIII;180000;5000;175000;30.7;537789
Soja;2014/2015;XIV;220000;12000;208000;29.4;611520
Soja;2014/2015;XV;50000;3000;47000;23.4;110049
Soja;2014/2015;TOTAL;20000000;900000;19100000;31.8;60803860
Soja;2015/2016;I;800000;26000;774000;25.8;1996920
Soja;2015/2016;II;1410000;86000;1324000;21.3;2820120
Soja;2015/2016;III;2300000;240000;2060000;31.2;6427200
Soja;2015/2016;IV;1750000;150000;1600000;35.5;5680000
Soja;2015/2016;V;1400000;370000;1030000;22.8;2348400
Soja;2015/2016;VI;3000000;180000;2820000;33.9;9559800
Soja;2015/2016;VII;2600000;140000;2460000;35.8;8806800
Soja;2015/2016;VIII;1300000;250000;1050000;18.9;1984500
Soja;2015/2016;IX;2200000;60000;2140000;36.5;7811000
Soja;2015/2016;X;760000;30000;730000;32.4;2365200
Soja;2015/2016;XI;600000;34000;566000;25;1412865
Soja;2015/2016;XII;1580000;65000;1515000;24.5;3705325
Soja;2015/2016;XIII;180000;6000;174000;29.4;511560
Soja;2015/2016;XIV;170000;10000;160000;28.8;460800
Soja;2015/2016;XV;50000;3000;47000;23.3;109510
Soja;2015/2016;TOTAL;20100000;1650000;18450000;30.4;56000000
Soja;2016/2017;I;915365;80000;835365;26.5;2212885
Soja;2016/2017;II;1348958;77000;1271958;32.9;4189615
Soja;2016/2017;III;2119792;69000;2050792;33.4;6848297
Soja;2016/2017;IV;1580208;122000;1458208;33;4814914
Soja;2016/2017;V;1241146;122000;1119146;30.5;3413501
Soja;2016/2017;VI;2636458;141000;2495458;36.3;9062620
Soja;2016/2017;VII;2349948;274000;2075948;36.4;7554208
Soja;2016/2017;VIII;1172969;42000;1130969;28.2;3192391
Soja;2016/2017;IX;2002344;215000;1787344;34.5;6172997
Soja;2016/2017;X;770833;65000;705833;29;2044830
Soja;2016/2017;XI;402865;32500;370365;24.3;900185
Soja;2016/2017;XII;1202604;88000;1114604;19.2;2135668
Soja;2016/2017;XIII;192708;11500;181208;28.3;513383
Soja;2016/2017;XIV;125260;6500;118760;30.1;357927
Soja;2016/2017;XV;38542;2500;36042;24.4;87885
Soja;2016/2017;TOTAL;18100000;1348000;16752000;31.9;53501305
Soja;2017/2018;I;1050000;24100;1025900;25.2;2583171
Soja;2017/2018;II;1650000;37900;1612100;20.9;3363831
Soja;2017/2018;III;1980000;95788;1884212;19;3578127
Soja;2017/2018;IV;1630000;69574;1560426;20.3;3173163
Soja;2017/2018;V;1099937;47195;1052741;18.5;1949922
Soja;2017/2018;VI;2210715;55745;2154970;28.3;6106677
Soja;2017/2018;VII;2170785;77882;2092902;28.5;5965389
Soja;2017/2018;VIII;1030251;72999;957252;9.9;951886
Soja;2017/2018;IX;1813508;78982;1734526;25.5;4427570
Soja;2017/2018;X;730000;217663;512337;15;769814
Soja;2017/2018;XI;302425;66619;235807;11.3;267089
Soja;2017/2018;XII;910381;42676;867705;14.4;1248474
Soja;2017/2018;XIII;292000;2819;289181;17.7;511590
Soja;2017/2018;XIV;250000;20450;229550;20.9;478838
Soja;2017/2018;XV;80000;700;79300;15.7;124641
Soja;2017/2018;TOTAL;17200000;911092;16288908;21.8;35500182
Soja;2018/2019;I;1010000;49876;960124;30;2879407
Soja;2018/2019;II;1380000;224533;1155467;29.6;3423676
Soja;2018/2019;III;1860000;38000;1822000;37.8;6880193
Soja;2018/2019;IV;1660000;36000;1624000;33.3;5414088
Soja;2018/2019;V;1093111;78562;1014549;32;3245212
Soja;2018/2019;VI;2275894;51938;2223956;41.8;9297279
Soja;2018/2019;VII;2111135;43612;2067523;38.1;7884136
Soja;2018/2019;VIII;1064100;69538;994562;28.2;2808490
Soja;2018/2019;IX;1903216;112045;1791171;37;6633491
Soja;2018/2019;X;840000;49258;790742;30.3;2394743
Soja;2018/2019;XI;423078;32387;390691;17.4;680970
Soja;2018/2019;XII;899028;40141;858888;17.3;1487134
Soja;2018/2019;XIII;285438;7131;278307;23.9;664318
Soja;2018/2019;XIV;215000;11967;203033;30.9;626661
Soja;2018/2019;XV;80000;3500;76500;23.6;180559
Soja;2018/2019;TOTAL;17100000;848487;16251513;33.5;54500356
Soja;2019/2020;I;950000;23170;926830;26.3;2439316
Soja;2019/2020;II;1540000;46880;1493120;28;4187222
Soja;2019/2020;III;1860000;41176;1818824;32.3;5868983
Soja;2019/2020;IV;1665000;36788;1628212;29.2;4757719
Soja;2019/2020;V;1128793;53735;1075058;32;3440940
Soja;2019/2020;VI;2334214;57896;2276318;34.4;7825940
Soja;2019/2020;VII;2277714;64627;2213087;33.7;7464244
Soja;2019/2020;VIII;1140560;51920;1088641;20.1;2183257
Soja;2019/2020;IX;1908998;75380;1833618;33.6;6162691
Soja;2019/2020;X;706000;36654;669346;27.1;1813477
Soja;2019/2020;XI;330294;15909;314386;17.4;548515
Soja;2019/2020;XII;726360;36290;690070;18.6;1285404
Soja;2019/2020;XIII;244067;17349;226718;12.6;285229
Soja;2019/2020;XIV;208000;7040;200960;27.9;561644
Soja;2019/2020;XV;80000;1600;78400;23.4;183211
Soja;2019/2020;TOTAL;17100000;566412;16533588;29.6;49007793
Soja;2020/2021;I;1369476;49950;1319526;25.6;3376636
Soja;2020/2021;II;1635000;90030;1544970;20.9;3225998
Soja;2020/2021;III;1751400;66143;1685257;31.3;5267458
Soja;2020/2021;IV;1635600;60105;1575495;29.3;4618153
Soja;2020/2021;V;1085000;62250;1022750;28.7;2932327
Soja;2020/2021;VI;2217000;81510;2135490;30.4;6491447
Soja;2020/2021;VII;2295000;96053;2198947;29.4;6464517
Soja;2020/2021;VIII;1063000;77020;985980;19.6;1933442
Soja;2020/2021;IX;1827000;112550;1714450;27.8;4760150
Soja;2020/2021;X;680704;39143;641561;24.2;1554045
Soja;2020/2021;XI;295000;26850;268150;14.3;383900
Soja;2020/2021;XII;554000;27104;526896;17.6;928986
Soja;2020/2021;XIII;245000;11185;233815;26.7;623467
Soja;2020/2021;XIV;174820;8536;166284;24.9;414761
Soja;2020/2021;XV;72000;2970;69030;18.1;124721
Soja;2020/2021;TOTAL;16900000;811399;16088601;26.8;43100000
Maiz;2000/2001;VI;330000;15000;315000;73;2299500
Maiz;2000/2001;VIII;110000;18000;92000;61;561200
Maiz;2000/2001;VII;450000;30000;420000;75;3150000
Maiz;2000/2001;X;100000;14000;86000;58;498800
Maiz;2000/2001;XI;270000;68000;202000;42.5;858500
Maiz;2000/2001;XII;240000;90000;150000;46;690000
Maiz;2000/2001;TOTAL;3100000;480000;2620000;57.6;15104000
Maiz;2001/2002;VI;310000;18000;292000;78;2277600
Maiz;2001/2002;VIII;85000;12000;73000;56;408800
Maiz;2001/2002;VII;310000;16000;294000;77;2263800
Maiz;2001/2002;X;60000;7000;53000;58;307400
Maiz;2001/2002;XI;210000;27000;183000;41.5;759450
Maiz;2001/2002;XII;215000;21000;194000;60;1164000
Maiz;2001/2002;TOTAL;2630000;313000;2317000;62.1;14397700
Maiz;2002/2003;VI;294000;3500;290500;84;2440200
Maiz;2002/2003;VIII;60000;4000;56000;65;364000
Maiz;2002/2003;VII;270000;3800;266200;82.5;2196150
Maiz;2002/2003;X;51000;1800;49200;70;344400
Maiz;2002/2003;XI;200000;11000;189000;46;869400
Maiz;2002/2003;XII;170000;5000;165000;52;858000
Maiz;2002/2003;TOTAL;2400000;50600;2349400;66.9;15722075
Maiz;2003/2004;VI;310000;3000;307000;78;2394600
Maiz;2003/2004;VIII;63000;4500;58500;69.5;406575
Maiz;2003/2004;VII;284000;200;283800;82;2327160
Maiz;2003/2004;X;53000;500;52500;72;378000
Maiz;2003/2004;XI;210000;2800;207200;45;932400
Maiz;2003/2004;XII;150000;15000;135000;61;841800
Maiz;2003/2004;TOTAL;2280000;49500;2230500;62.8;14003135
Maiz;2004/2005;VI;460000;600;459400;96.5;4433210
Maiz;2004/2005;VIII;80000;0;80000;68;544000
Maiz;2004/2005;VII;340000;0;340000;95.5;3247000
Maiz;2004/2005;X;60000;0;60000;90;540000
Maiz;2004/2005;XI;220000;0;220000;60;1320000
Maiz;2004/2005;XII;160000;4000;156000;74;1154400
Maiz;2004/2005;TOTAL;2745000;17100;2727900;77;20995550
Maiz;2005/2006;VI;320000;600;319400;72;2299680
Maiz;2005/2006;VIII;90000;1400;88600;55;487300
Maiz;2005/2006;VII;300000;4000;296000;77;2279200
Maiz;2005/2006;X;65000;600;64400;70.1;451444
Maiz;2005/2006;XI;92000;4000;88000;60;528000
Maiz;2005/2006;XII;50000;5000;45000;70;315000
Maiz;2005/2006;TOTAL;2400000;50600;2349400;64.7;15192774
Maiz;2006/2007;I;160000;2000;158000;60;948000
Maiz;2006/2007;II;250000;0;250000;50;1250000
Maiz;2006/2007;III;330000;2000;328000;80;2624000
Maiz;2006/2007;IV;360000;9000;351000;83;2913300
Maiz;2006/2007;V;140000;0;140000;80;1120000
Maiz;2006/2007;VI;380000;0;380000;100;3800000
Maiz;2006/2007;VII;335000;0;335000;110;3685000
Maiz;2006/2007;VIII;98000;0;98000;80;784000
Maiz;2006/2007;IX;440000;8000;432000;78;3369600
Maiz;2006/2007;X;100000;0;100000;90;900000
Maiz;2006/2007;XI;125000;15000;110000;40;440000
Maiz;2006/2007;XII;72000;29000;43000;60;258000
Maiz;2006/2007;TOTAL;2870000;65000;2805000;80.2;22491900
Maiz;2007/2008;I;175875;0;175875;71;1248713
Maiz;2007/2008;II;277422;15000;262422;35;918912
Maiz;2007/2008;III;355938;13500;342438;70;2397063
Maiz;2007/2008;IV;421891;5000;416891;70;2918234
Maiz;2007/2008;V;177969;20000;157969;58;916219
Maiz;2007/2008;VI;450156;1000;449156;82;3683081
Maiz;2007/2008;VII;408281;1500;406781;78;3172894
Maiz;2007/2008;VIII;120391;5000;115391;50;576953
Maiz;2007/2008;IX;499359;10000;489359;84;4110619
Maiz;2007/2008;X;119344;3000;116344;75;872578
Maiz;2007/2008;XI;138188;16000;122188;30;366563
Maiz;2007/2008;XII;72234;30000;42234;60;253406
Maiz;2007/2008;XIII;132953;0;132953;50;664766
Maiz;2007/2008;TOTAL;3350000;120000;3230000;68.4;22100000
Maiz;2008/2009;I;117458;16220;101237;65.5;663307
Maiz;2008/2009;II;160169;22119;138051;31.3;432099
Maiz;2008/2009;III;480508;66356;414153;65.6;2716841
Maiz;2008/2009;IV;501864;69305;432559;70.7;3059060
Maiz;2008/2009;V;117458;16220;101237;31.2;315860
Maiz;2008/2009;VI;448475;61932;386542;78;3015031
Maiz;2008/2009;VII;395085;54559;340525;54.2;1845141
Maiz;2008/2009;VIII;96102;13271;82831;29.2;241865
Maiz;2008/2009;IX;427119;58983;368136;67.6;2488597
Maiz;2008/2009;X;96102;13271;82831;52;430719
Maiz;2008/2009;XI;96102;13271;82831;31.3;259259
Maiz;2008/2009;XII;58729;8110;50619;36.4;184252
Maiz;2008/2009;XIII;53390;7373;46017;57.2;263217
Maiz;2008/2009;XIV;69407;9585;59822;26;155537
Maiz;2008/2009;XV;32034;4424;27610;46.8;129216
Maiz;2008/2009;TOTAL;3150000;435000;2715000;59.7;16200000
Maiz;2009/2010;I;135839;1500;134339;70;940376
Maiz;2009/2010;II;173875;5500;168375;70;1178622
Maiz;2009/2010;III;434686;2000;432686;75;3245148
Maiz;2009/2010;IV;423819;3500;420319;73.1;3070432
Maiz;2009/2010;V;108672;1500;107172;81.1;868999
Maiz;2009/2010;VI;391218;700;390518;115;4490954
Maiz;2009/2010;VII;342315;500;341815;108;3691607
Maiz;2009/2010;VIII;108672;5000;103672;85;881208
Maiz;2009/2010;IX;467288;1400;465888;96;4472523
Maiz;2009/2010;X;76070;0;76070;90;684631
Maiz;2009/2010;XI;76070;2500;73570;48;353137
Maiz;2009/2010;XII;54336;0;54336;71;385784
Maiz;2009/2010;XIII;86937;2000;84937;53;450168
Maiz;2009/2010;XIV;43469;0;43469;90;391218
Maiz;2009/2010;XV;21734;0;21734;48.4;105194
Maiz;2009/2010;TOTAL;2945000;26100;2918900;86.4;25210000
Maiz;2010/2011;I;268643;10965;257678;63;1623373
Maiz;2010/2011;II;274126;11189;262937;65;1709091
Maiz;2010/2011;III;482462;19692;462769;62.4;2887680
Maiz;2010/2011;IV;526322;21483;504839;67.1;3385685
Maiz;2010/2011;V;158993;6490;152503;61.6;939422
Maiz;2010/2011;VI;515357;21035;494322;85;4201734
Maiz;2010/2011;VII;460531;18797;441734;78;3445527
Maiz;2010/2011;VIII;164476;6713;157762;48;757259
Maiz;2010/2011;IX;537287;21930;515357;66;3401354
Maiz;2010/2011;X;131580;5371;126210;74;933952
Maiz;2010/2011;XI;109650;4476;105175;53;557427
Maiz;2010/2011;XII;87720;3580;84140;74;622635
Maiz;2010/2011;XIII;120615;4923;115692;56;647877
Maiz;2010/2011;XIV;60308;2462;57846;63;364431
Maiz;2010/2011;XV;21930;895;21035;44;92554
Maiz;2010/2011;TOTAL;3920000;160000;3760000;68;25570000
Maiz;2011/2012;I;268564;23968;244596;52.4;1281133
Maiz;2011/2012;II;304035;27134;276902;45.5;1260550
Maiz;2011/2012;III;506725;45223;461503;65.5;3022084
Maiz;2011/2012;IV;582734;52006;530728;47.9;2541406
Maiz;2011/2012;V;162152;14471;147681;55.4;818292
Maiz;2011/2012;VI;567532;50649;516883;63.9;3305308
Maiz;2011/2012;VII;526994;47032;479963;51.8;2486806
Maiz;2011/2012;VIII;167219;14923;152296;51.2;779654
Maiz;2011/2012;IX;587801;52458;535343;59.2;3168388
Maiz;2011/2012;X;263497;23516;239981;55.7;1336778
Maiz;2011/2012;XI;108439;9678;98762;47.1;464686
Maiz;2011/2012;XII;91211;8140;83071;69.8;580139
Maiz;2011/2012;XIII;152018;13567;138451;44;608987
Maiz;2011/2012;XIV;60807;5427;55380;44.5;246509
Maiz;2011/2012;XV;20269;1809;18460;53.8;99280
Maiz;2011/2012;TOTAL;4370000;390000;3980000;55.3;22000000
Maiz;2012/2013;I;284598;70000;214598;29.3;629736
Maiz;2012/2013;II;306077;15400;290677;46.8;1360367
Maiz;2012/2013;III;483279;13000;470279;75.3;3539319
Maiz;2012/2013;IV;489723;50000;439723;71.4;3137861
Maiz;2012/2013;V;157871;11200;146671;70.7;1037248
Maiz;2012/2013;VI;492945;15000;477945;92.6;4425766
Maiz;2012/2013;VII;440321;17000;423321;94.2;3988565
Maiz;2012/2013;VIII;162167;7500;154667;59.6;921720
Maiz;2012/2013;IX;446765;22000;424765;79.7;3385373
Maiz;2012/2013;X;241639;11000;230639;81.8;1886631
Maiz;2012/2013;XI;114913;6000;108913;53.8;585407
Maiz;2012/2013;XII;100952;4500;96452;84.3;813328
Maiz;2012/2013;XIII;147132;6000;141132;52.9;746868
Maiz;2012/2013;XIV;61215;5500;55715;80.4;447951
Maiz;2012/2013;XV;20405;2500;17905;52.4;93859
Maiz;2012/2013;TOTAL;3950000;256600;3693400;73.1;27000000
Maiz;2013/2014;I;300000;13000;287000;64;1788010
Maiz;2013/2014;II;320000;10500;309500;71.3;2163405
Maiz;2013/2014;III;625000;11000;614000;84;5157600
Maiz;2013/2014;IV;440000;18000;422000;75.5;3260794
Maiz;2013/2014;V;145000;24000;121000;66.5;804650
Maiz;2013/2014;VI;385000;6000;379000;88.3;3373100
Maiz;2013/2014;VII;345000;10000;335000;91;3073625
Maiz;2013/2014;VIII;160000;11000;149000;54.8;819128
Maiz;2013/2014;IX;455000;25000;430000;74;3214250
Maiz;2013/2014;X;235000;9000;226000;66.3;1440750
Maiz;2013/2014;XI;109000;8500;100500;43.5;459788
Maiz;2013/2014;XII;98000;4500;93500;66.5;686056
Maiz;2013/2014;XIII;140000;3200;136800;64;878101
Maiz;2013/2014;XIV;52000;3500;48500;68.8;337924
Maiz;2013/2014;XV;21000;2800;18200;52;92820
Maiz;2013/2014;TOTAL;3830000;160000;3670000;75.1;27550000
Maiz;2014/2015;I;236216;9014;227203;70.5;1600643
Maiz;2014/2015;II;369730;14108;355622;66.5;2364232
Maiz;2014/2015;III;611081;23318;587764;82.3;4836118
Maiz;2014/2015;IV;523784;19986;503797;78.5;3956824
Maiz;2014/2015;V;143784;5486;138297;76.5;1058037
Maiz;2014/2015;VI;398486;15205;383281;100.3;3843229
Maiz;2014/2015;VII;364595;13912;350682;99.4;3484030
Maiz;2014/2015;VIII;154054;5878;148176;63.1;934248
Maiz;2014/2015;IX;410811;15676;395135;84.5;3338892
Maiz;2014/2015;X;184865;7054;177811;79.6;1414485
Maiz;2014/2015;XI;102703;3919;98784;60.9;601392
Maiz;2014/2015;XII;94486;3605;90881;74.4;675978
Maiz;2014/2015;XIII;126324;4820;121504;70.8;860025
Maiz;2014/2015;XIV;54432;2077;52355;80.2;420098
Maiz;2014/2015;XV;24649;941;23708;47.1;111768
Maiz;2014/2015;TOTAL;3800000;145000;3655000;80.7;29500000
Maiz;2015/2016;I;278954;9643;269311;63;1696661
Maiz;2015/2016;II;461824;15964;445860;62;2764330
Maiz;2015/2016;III;599235;20714;578520;86.2;4988094
Maiz;2015/2016;IV;528980;18286;510694;87.2;4455429
Maiz;2015/2016;V;171505;5929;165577;70;1159376
Maiz;2015/2016;VI;400867;13857;387010;93.1;3603311
Maiz;2015/2016;VII;306849;10607;296242;92.1;2726911
Maiz;2015/2016;VIII;132245;4571;127673;70;893770
Maiz;2015/2016;IX;433929;15000;418929;92;3854143
Maiz;2015/2016;X;222130;7679;214452;84.3;1807826
Maiz;2015/2016;XI;118814;4107;114707;75.1;861734
Maiz;2015/2016;XII;123980;4286;119694;85.7;1025178
Maiz;2015/2016;XIII;165306;5714;159592;74.3;1185767
Maiz;2015/2016;XIV;80587;2786;77801;81.5;634078
Maiz;2015/2016;XV;24796;857;23939;59.9;143393
Maiz;2015/2016;TOTAL;4050000;140000;3910000;81.3;31800000
Maiz;2016/2017;I;365240;16385;348856;67;2337334
Maiz;2016/2017;II;607019;27231;579788;67;3887266
Maiz;2016/2017;III;785010;35215;749794;85.8;6435010
Maiz;2016/2017;IV;673894;30231;643663;85.5;5500487
Maiz;2016/2017;V;226346;10154;216192;66.8;1444494
Maiz;2016/2017;VI;524712;23538;501173;93.4;4683212
Maiz;2016/2017;VII;406394;18231;388163;98.1;3809143
Maiz;2016/2017;VIII;172846;7754;165092;68.2;1126250
Maiz;2016/2017;IX;560721;25154;535567;85.1;4558685
Maiz;2016/2017;X;292192;13108;279085;81;2260585
Maiz;2016/2017;XI;169760;7615;162144;57.5;932076
Maiz;2016/2017;XII;200625;9000;191625;71.2;1365260
Maiz;2016/2017;XIII;226346;10154;216192;75.2;1626390
Maiz;2016/2017;XIV;108029;4846;103183;83.8;865060
Maiz;2016/2017;XV;30865;1385;29481;57.2;168748
Maiz;2016/2017;TOTAL;5350000;240000;5110000;80.2;41000000
Maiz;2017/2018;I;331228;13193;318035;61;1940014
Maiz;2017/2018;II;610702;24325;586377;54.1;3172301
Maiz;2017/2018;III;869474;34632;834842;56.7;4731468
Maiz;2017/2018;IV;734912;29272;705640;58.2;4104507
Maiz;2017/2018;V;217368;8658;208711;42.1;879297
Maiz;2017/2018;VI;600351;23912;576439;79.2;4566835
Maiz;2017/2018;VII;486491;19377;467114;75.7;3534677
Maiz;2017/2018;VIII;289825;11544;278281;42.4;1179910
Maiz;2017/2018;IX;621053;24737;596316;68.5;4084763
Maiz;2017/2018;X;310526;12368;298158;55.1;1643020
Maiz;2017/2018;XI;165614;6596;159018;44;699163
Maiz;2017/2018;XII;207018;8246;198772;57.7;1147708
Maiz;2017/2018;XIII;320877;12781;308096;50.9;1569278
Maiz;2017/2018;XIV;103509;4123;99386;60.5;601285
Maiz;2017/2018;XV;31053;1263;29789;48.9;145774
Maiz;2017/2018;TOTAL;5900000;235026;5664974;60;34000000
Maiz;2018/2019;I;361111;11389;349722;70;2448056
Maiz;2018/2019;II;639683;20175;619508;63.5;3933875
Maiz;2018/2019;III;949206;29937;919270;90.2;8295951
Maiz;2018/2019;IV;825397;26032;799365;84.6;6759431
Maiz;2018/2019;V;237302;7484;229817;72;1653652
Maiz;2018/2019;VI;691270;21802;669468;104.3;6984964
Maiz;2018/2019;VII;551984;17409;534575;102.5;5478596
Maiz;2018/2019;VIII;325000;10250;314750;71.5;2251092
Maiz;2018/2019;IX;691270;21802;669468;89.2;5971657
Maiz;2018/2019;X;335317;10575;324742;80.7;2621480
Maiz;2018/2019;XI;175397;5532;169865;63.5;1078643
Maiz;2018/2019;XII;237302;7484;229817;75.7;1739718
Maiz;2018/2019;XIII;335317;10575;324742;62.6;2033034
Maiz;2018/2019;XIV;113492;3579;109913;79.8;877488
Maiz;2018/2019;XV;30952;976;29976;57.5;172363
Maiz;2018/2019;TOTAL;6500000;205000;6295000;83.1;52300000
Maiz;2019/2020;I;400000;10800;389200;65;2529800
Maiz;2019/2020;II;700000;19000;681000;66;4494600
Maiz;2019/2020;III;925000;27000;898000;86.1;7731270
Maiz;2019/2020;IV;800000;24000;776000;82.8;6421866
Maiz;2019/2020;V;240000;7000;233000;67.3;1568673
Maiz;2019/2020;VI;680000;20000;660000;101.3;6687368
Maiz;2019/2020;VII;540000;16100;523900;99.9;5235123
Maiz;2019/2020;VIII;325000;9700;315300;65.7;2070575
Maiz;2019/2020;IX;690000;20000;670000;91.9;6156219
Maiz;2019/2020;X;330000;10000;320000;86.4;2765321
Maiz;2019/2020;XI;165000;5000;160000;63.3;1012151
Maiz;2019/2020;XII;233000;7000;226000;77.3;1745850
Maiz;2019/2020;XIII;325000;10000;315000;62.4;1965334
Maiz;2019/2020;XIV;116000;3500;112500;84.2;947291
Maiz;2019/2020;XV;31000;900;30100;56;168560
Maiz;2019/2020;TOTAL;6500000;190000;6310000;81.6;51500000
Maiz;2020/2021;I;420000;8000;412000;70.5;2904600
Maiz;2020/2021;II;720000;15400;704600;67.2;4734912
Maiz;2020/2021;III;998000;25500;972500;87.4;8498375
Maiz;2020/2021;IV;860000;22000;838000;85.6;7171269
Maiz;2020/2021;V;260000;6800;253200;64.4;1631143
Maiz;2020/2021;VI;655000;18000;637000;93.9;5981430
Maiz;2020/2021;VII;505000;15000;490000;93.2;4565820
Maiz;2020/2021;VIII;340000;10000;330000;50.6;1670229
Maiz;2020/2021;IX;750000;20000;730000;83.5;6092841
Maiz;2020/2021;X;360000;9500;350500;81.2;2845944
Maiz;2020/2021;XI;175000;5000;170000;51.3;871597
Maiz;2020/2021;XII;265000;7000;258000;76.8;1982554
Maiz;2020/2021;XIII;330000;8500;321500;73.1;2351006
Maiz;2020/2021;XIV;127000;3300;123700;81.8;1011279
Maiz;2020/2021;XV;35000;1000;34000;55.0;187000
Maiz;2020/2021;TOTAL;6800000;175000;6625000;79.2;52500000
Trigo;2000/2001;VI;830000;9000;821000;22;1806200
Trigo;2000/2001;VIII;300000;1100;298900;18.4;549976
Trigo;2000/2001;VII;740000;500;739500;27;1996650
Trigo;2000/2001;X;210000;5200;204800;28;573440
Trigo;2000/2001;XI;1280000;4000;1276000;23.1;2947560
Trigo;2000/2001;XII;1600000;20000;1580000;31.3;4945400
Trigo;2000/2001;TOTAL;6500000;94800;6405200;25;16043736
Trigo;2001/2002;VI;900000;6000;894000;19.5;1743300
Trigo;2001/2002;VIII;390000;15000;375000;13;487500
Trigo;2001/2002;VII;715000;50000;665000;20;1330000
Trigo;2001/2002;X;180000;10000;170000;23.8;404600
Trigo;2001/2002;XI;1430000;30000;1400000;23.5;3290000
Trigo;2001/2002;XII;1500000;27000;1473000;30;4419000
Trigo;2001/2002;TOTAL;7000000;300000;6700000;22.7;15220150
Trigo;2002/2003;VI;640000;10000;630000;22;1386000
Trigo;2002/2003;VIII;230000;4000;226000;18;406800
Trigo;2002/2003;VII;480000;30000;450000;20.5;922500
Trigo;2002/2003;X;180000;3000;177000;20;354000
Trigo;2002/2003;XI;1400000;5000;1395000;21;2929500
Trigo;2002/2003;XII;1450000;105000;1345000;25;3362500
Trigo;2002/2003;TOTAL;6000000;200000;5800000;21;12167900
Trigo;2003/2004;VI;600000;8000;592000;29;1716800
Trigo;2003/2004;VIII;205000;2000;203000;28;568400
Trigo;2003/2004;VII;390000;4500;385500;31.2;1202760
Trigo;2003/2004;X;185000;3200;181800;31;563580
Trigo;2003/2004;XI;1320000;55000;1265000;15.6;1973400
Trigo;2003/2004;XII;1570000;10000;1560000;35;5460000
Trigo;2003/2004;TOTAL;5830000;354700;5475300;25.6;14008040
Trigo;2004/2005;VI;640000;2000;638000;32;2041600
Trigo;2004/2005;VIII;225000;0;225000;29;652500
Trigo;2004/2005;VII;380000;0;380000;34;1292000
Trigo;2004/2005;X;220000;0;220000;31;682000
Trigo;2004/2005;XI;1365000;2000;1363000;24.6;3352980
Trigo;2004/2005;XII;1580000;0;1580000;34.5;5451000
Trigo;2004/2005;TOTAL;6090000;143000;5947000;27.7;16502680
Trigo;2005/2006;VI;580000;8000;572000;34;1944800
Trigo;2005/2006;VIII;150000;500;149500;32.5;485875
Trigo;2005/2006;VII;360000;1000;359000;39;1400100
Trigo;2005/2006;X;200000;1000;199000;39;776100
Trigo;2005/2006;XI;1120000;40000;1080000;12.3;1328400
Trigo;2005/2006;XII;1440000;9000;1431000;36;5151600
Trigo;2005/2006;TOTAL;5210000;126500;5083500;27.4;13908035
Trigo;2006/2007;VI;650000;5500;644500;30;1933500
Trigo;2006/2007;VIII;210000;1000;209000;28.1;587290
Trigo;2006/2007;VII;400000;2000;398000;40.5;1611900
Trigo;2006/2007;X;210000;600;209400;42;879480
Trigo;2006/2007;XI;940000;14000;926000;13.9;1282510
Trigo;2006/2007;XII;1410000;2100;1407900;34.3;4829097
Trigo;2006/2007;TOTAL;5380000;138200;5241800;26.3;13800627
Trigo;2007/2008;I;365000;28000;337000;10.2;343740
Trigo;2007/2008;II;98000;27000;71000;9.3;66030
Trigo;2007/2008;III;496000;500;495500;30;1486500
Trigo;2007/2008;IV;195000;2500;192500;32;616000
Trigo;2007/2008;V;246000;3500;242500;28;679000
Trigo;2007/2008;VI;665000;1800;663200;39;2586480
Trigo;2007/2008;VII;411000;3000;408000;44.9;1831920
Trigo;2007/2008;VIII;185000;1400;183600;28;514080
Trigo;2007/2008;IX;260000;3000;257000;34;873800
Trigo;2007/2008;X;217000;18500;198500;24.8;492280
Trigo;2007/2008;XI;945000;20150;924850;19.8;1831203
Trigo;2007/2008;XII;1342000;33600;1308400;28.9;3781276
Trigo;2007/2008;TOTAL;5450000;143150;5306850;28.6;15201509
Trigo;2008/2009;I;385000;70000;315000;9;283500
Trigo;2008/2009;II;30000;15000;15000;7;10500
Trigo;2008/2009;III;300000;29000;271000;18;487800
Trigo;2008/2009;IV;180000;15000;165000;18;297000
Trigo;2008/2009;V;135000;30000;105000;17;178500
Trigo;2008/2009;VI;420000;30000;390000;16;624000
Trigo;2008/2009;VII;350000;6000;344000;26;894400
Trigo;2008/2009;VIII;173000;6000;167000;21;350700
Trigo;2008/2009;IX;350000;7000;343000;28;960400
Trigo;2008/2009;X;185000;4000;181000;35;633500
Trigo;2008/2009;XI;920000;130000;790000;13;1027000
Trigo;2008/2009;XII;1150000;7000;1143000;27.5;3143250
Trigo;2008/2009;XIII;15000;1000;14000;25.6;35840
Trigo;2008/2009;XIV;87000;4000;83000;30.7;254810
Trigo;2008/2009;XV;20000;6000;14000;12;16800
Trigo;2008/2009;TOTAL;4700000;360000;4340000;21.2;9198000
Trigo;2009/2010;I;270000;40000;230000;8;184000
Trigo;2009/2010;II;10000;6000;4000;6;2400
Trigo;2009/2010;III;120000;40000;80000;12;96000
Trigo;2009/2010;IV;72000;15000;57000;14;79800
Trigo;2009/2010;V;86000;5000;81000;18;145800
Trigo;2009/2010;VI;175000;5000;170000;30;510000
Trigo;2009/2010;VII;210000;2000;208000;38.9;809120
Trigo;2009/2010;VIII;250000;9000;241000;37;891700
Trigo;2009/2010;IX;150000;5000;145000;27;391500
Trigo;2009/2010;X;140000;2000;138000;38;524400
Trigo;2009/2010;XI;690000;100000;590000;8.9;525100
Trigo;2009/2010;XII;1090000;30000;1060000;33;3498000
Trigo;2009/2010;XIII;9000;400;8600;29.1;25026
Trigo;2009/2010;XIV;50000;0;50000;40.7;203500
Trigo;2009/2010;XV;8000;600;7400;18.9;14040
Trigo;2009/2010;TOTAL;3330000;260000;3070000;25.7;7900386
Trigo;2010/2011;I;460000;46000;414000;13;538200
Trigo;2010/2011;II;260000;5500;254500;21;534450
Trigo;2010/2011;III;420000;5000;415000;27;1120500
Trigo;2010/2011;IV;150000;3500;146500;25;366250
Trigo;2010/2011;V;160000;3000;157000;35;549500
Trigo;2010/2011;VI;420000;2000;418000;44;1839200
Trigo;2010/2011;VII;325000;1200;323800;46;1489480
Trigo;2010/2011;VIII;230000;500;229500;37;849150
Trigo;2010/2011;IX;220000;5000;215000;31;666500
Trigo;2010/2011;X;155000;1000;154000;41;631400
Trigo;2010/2011;XI;760000;12000;748000;26;1944800
Trigo;2010/2011;XII;1070000;7000;1063000;47;4996100
Trigo;2010/2011;XIII;4000;1000;3000;27;8100
Trigo;2010/2011;XIV;56000;800;55200;41;226320
Trigo;2010/2011;XV;10000;1500;8500;25;21250
Trigo;2010/2011;TOTAL;4700000;95000;4605000;34.3;15781200
Trigo;2011/2012;I;450800;45000;405800;10;405800
Trigo;2011/2012;II;310000;27900;282100;13;366730
Trigo;2011/2012;III;378000;18900;359100;24;861840
Trigo;2011/2012;IV;142500;5000;137500;20;275000
Trigo;2011/2012;V;184000;3680;180320;31;558992
Trigo;2011/2012;VI;340000;3000;337000;36.6;1233420
Trigo;2011/2012;VII;292800;2500;290300;42;1219260
Trigo;2011/2012;VIII;220000;1000;219000;32;700800
Trigo;2011/2012;IX;260000;1350;258650;38.5;995803
Trigo;2011/2012;X;170000;0;170000;42;714000
Trigo;2011/2012;XI;836000;55000;781000;24;1874400
Trigo;2011/2012;XII;941000;2300;938700;48;4505760
Trigo;2011/2012;XIII;4400;200;4200;28;11760
Trigo;2011/2012;XIV;60500;0;60500;41;248050
Trigo;2011/2012;XV;10000;0;10000;29;29000
Trigo;2011/2012;TOTAL;4600000;165830;4434170;31.6;14000615
Trigo;2012/2013;I;340000;50000;290000;7.9;229100
Trigo;2012/2013;II;160000;6000;154000;15.8;243936
Trigo;2012/2013;III;265000;5000;260000;25.5;663000
Trigo;2012/2013;IV;130000;5000;125000;30;375000
Trigo;2012/2013;V;160000;3000;157000;19.4;304384
Trigo;2012/2013;VI;265000;11000;254000;29.5;749300
Trigo;2012/2013;VII;240000;12000;228000;28;638400
Trigo;2012/2013;VIII;150000;4500;145500;20;291000
Trigo;2012/2013;IX;260000;35000;225000;28;630000
Trigo;2012/2013;X;140000;40000;100000;27.5;275000
Trigo;2012/2013;XI;650000;30000;620000;30.6;1897200
Trigo;2012/2013;XII;550000;35000;515000;45;2317500
Trigo;2012/2013;XIII;3000;400;2600;23;5980
Trigo;2012/2013;XIV;50000;3000;47000;34;159800
Trigo;2012/2013;XV;7000;100;6900;33;22770
Trigo;2012/2013;TOTAL;3370000;240000;3130000;28.1;8802370
Trigo;2013/2014;I;50000;20000;30000;12;36000
Trigo;2013/2014;II;140000;50000;90000;6;54000
Trigo;2013/2014;III;320000;35000;285000;12;342000
Trigo;2013/2014;IV;156000;17000;139000;14;194600
Trigo;2013/2014;V;192000;25000;167000;17;283900
Trigo;2013/2014;VI;315000;18000;297000;26;772200
Trigo;2013/2014;VII;280000;8000;272000;40;1088000
Trigo;2013/2014;VIII;180000;7000;173000;28;484400
Trigo;2013/2014;IX;300000;10000;290000;32;928000
Trigo;2013/2014;X;165000;4500;160500;45;722250
Trigo;2013/2014;XI;800000;16000;784000;23;1803200
Trigo;2013/2014;XII;650000;6500;643500;48;3088800
Trigo;2013/2014;XIII;4000;700;3300;20;6600
Trigo;2013/2014;XIV;60000;1800;58200;48;279360
Trigo;2013/2014;XV;8000;500;7500;23;17250
Trigo;2013/2014;TOTAL;3620000;220000;3400000;29.7;10100560
Trigo;2014/2015;I;180000;13000;167000;10.7;179024
Trigo;2014/2015;II;250000;16000;234000;11.6;271440
Trigo;2014/2015;III;705000;21000;684000;26.3;1798920
Trigo;2014/2015;IV;270000;10000;260000;25.1;652570
Trigo;2014/2015;V;220000;15000;205000;21.6;442800
Trigo;2014/2015;VI;700000;18000;682000;29.6;2019402
Trigo;2014/2015;VII;410000;20000;390000;35.7;1392300
Trigo;2014/2015;VIII;230000;10000;220000;22.6;497200
Trigo;2014/2015;IX;390000;7000;383000;38.1;1459230
Trigo;2014/2015;X;150000;5000;145000;33.2;481360
Trigo;2014/2015;XI;810000;27000;783000;27.1;2121930
Trigo;2014/2015;XII;610000;33000;577000;37.6;2169520
Trigo;2014/2015;XIII;5000;700;4300;11.7;5031
Trigo;2014/2015;XIV;60000;16000;44000;30.2;132792
Trigo;2014/2015;XV;10000;300;9700;27.3;26481
Trigo;2014/2015;TOTAL;5000000;212000;4788000;28.5;13650000
Trigo;2015/2016;I;220000;30000;190000;12.8;242394
Trigo;2015/2016;II;240000;18000;222000;17.3;384713
Trigo;2015/2016;III;560000;42000;518000;23.2;1195170
Trigo;2015/2016;IV;190000;40000;150000;25.6;384000
Trigo;2015/2016;V;215000;14000;201000;24.1;484710
Trigo;2015/2016;VI;470000;25000;445000;36.8;1632610
Trigo;2015/2016;VII;340000;56000;284000;37.5;1061200
Trigo;2015/2016;VIII;165000;7000;158000;30;474000
Trigo;2015/2016;IX;390000;13000;377000;37.7;1422042
Trigo;2015/2016;X;210000;10500;199500;38;758100
Trigo;2015/2016;XI;570000;20000;550000;27.6;1518129
Trigo;2015/2016;XII;465000;22000;443000;43.4;1920609
Trigo;2015/2016;XIII;5000;200;4800;22.6;10834
Trigo;2015/2016;XIV;50000;21500;28500;32.6;92768
Trigo;2015/2016;XV;10000;800;9200;20.4;18722
Trigo;2015/2016;TOTAL;4100000;320000;3780000;30.7;11600000
Trigo;2016/2017;I;270000;13000;257000;11.4;293494
Trigo;2016/2017;II;290000;10000;280000;16.3;456400
Trigo;2016/2017;III;750000;19000;731000;29;2119900
Trigo;2016/2017;IV;390000;17000;373000;32.4;1210242
Trigo;2016/2017;V;290000;13000;277000;30;831000
Trigo;2016/2017;VI;660000;15000;645000;41.5;2676750
Trigo;2016/2017;VII;565000;13000;552000;42.4;2340480
Trigo;2016/2017;VIII;265000;12000;253000;32.6;823515
Trigo;2016/2017;IX;500000;13000;487000;41.8;2037608
Trigo;2016/2017;X;325000;9000;316000;38.7;1222920
Trigo;2016/2017;XI;460000;11000;449000;30.3;1360470
Trigo;2016/2017;XII;530000;17000;513000;36.5;1872963
Trigo;2016/2017;XIII;7000;500;6500;23.6;15337
Trigo;2016/2017;XIV;83000;2000;81000;38.1;308586
Trigo;2016/2017;XV;15000;500;14500;21;30450
Trigo;2016/2017;TOTAL;5400000;165000;5235000;33.6;17600000
Trigo;2017/2018;I;390000;14000;376000;10.2;383833
Trigo;2017/2018;II;465000;12000;453000;14.1;638882
Trigo;2017/2018;III;610000;25000;585000;22.9;1337895
Trigo;2017/2018;IV;385000;13000;372000;34.6;1286004
Trigo;2017/2018;V;450000;14000;436000;25.8;1124444
Trigo;2017/2018;VI;830000;14000;816000;43.7;3565920
Trigo;2017/2018;VII;542000;12000;530000;44.8;2377050
Trigo;2017/2018;VIII;260000;11000;249000;23.1;574941
Trigo;2017/2018;IX;408000;12000;396000;41.2;1631120
Trigo;2017/2018;X;260000;7000;253000;36.6;926360
Trigo;2017/2018;XI;485000;8000;477000;28.2;1345140
Trigo;2017/2018;XII;505000;10000;495000;43.7;2165625
Trigo;2017/2018;XIII;9000;500;8500;23;19512
Trigo;2017/2018;XIV;85000;2000;83000;41;339967
Trigo;2017/2018;XV;16000;500;15500;21.5;33309
Trigo;2017/2018;TOTAL;5700000;155000;5545000;32;17750000
Trigo;2018/2019;I;390000;10000;380000;9.7;368503
Trigo;2018/2019;II;465000;9000;456000;20.8;948503
Trigo;2018/2019;III;630000;13000;617000;19.2;1182423
Trigo;2018/2019;IV;425000;10000;415000;26.8;1110152
Trigo;2018/2019;V;485000;10000;475000;29.5;1402900
Trigo;2018/2019;VI;860000;16000;844000;29.6;2494936
Trigo;2018/2019;VII;590000;10000;580000;43.5;2521886
Trigo;2018/2019;VIII;280000;4000;276000;38.6;1065395
Trigo;2018/2019;IX;495000;8000;487000;40.3;1962433
Trigo;2018/2019;X;340000;8000;332000;39.2;1302611
Trigo;2018/2019;XI;530000;9000;521000;33.3;1737122
Trigo;2018/2019;XII;580000;6000;574000;42.8;2454716
Trigo;2018/2019;XIII;10000;400;9600;23.8;22888
Trigo;2018/2019;XIV;100000;1000;99000;38.8;383823
Trigo;2018/2019;XV;20000;600;19400;21.5;41710
Trigo;2018/2019;TOTAL;6200000;115000;6085000;31.2;19000000
Trigo;2019/2020;I;436000;8720;427280;14.5;620157
Trigo;2019/2020;II;450000;13500;436500;21.4;935933
Trigo;2019/2020;III;690000;20700;669300;27;1809012
Trigo;2019/2020;IV;457000;13800;443200;22.2;983129
Trigo;2019/2020;V;480000;4800;475200;29.4;1398877
Trigo;2019/2020;VI;898000;18000;880000;37.5;3301395
Trigo;2019/2020;VII;622000;12500;609500;40.2;2451415
Trigo;2019/2020;VIII;315000;7880;307120;27.5;845106
Trigo;2019/2020;IX;535000;17700;517300;30.2;1563922
Trigo;2019/2020;X;356000;7000;349000;31;1080805
Trigo;2019/2020;XI;555000;33700;521300;12.7;664463
Trigo;2019/2020;XII;640000;5980;634020;42.9;2720107
Trigo;2019/2020;XIII;12000;700;11300;21.4;24172
Trigo;2019/2020;XIV;131000;1100;129900;26.9;349810
Trigo;2019/2020;XV;23000;920;22080;23.4;51698
Trigo;2019/2020;TOTAL;6600000;167000;6433000;29.2;18800000
Trigo;2020/2021;I;406000;81200;324800;7.2;234847
Trigo;2020/2021;II;365000;76600;288400;8.5;244529
Trigo;2020/2021;III;516000;82500;433500;12;518948
Trigo;2020/2021;IV;373000;44800;328200;17.2;565801
Trigo;2020/2021;V;498000;29900;468100;16;749413
Trigo;2020/2021;VI;850000;76500;773500;21;1621848
Trigo;2020/2021;VII;647000;19400;627600;43.8;2747470
Trigo;2020/2021;VIII;330000;8300;321700;26.4;849356
Trigo;2020/2021;IX;595000;12000;583000;39.2;2285842
Trigo;2020/2021;X;395000;8000;387000;43.6;1686948
Trigo;2020/2021;XI;640000;11000;629000;24.8;1559665
Trigo;2020/2021;XII;717000;9000;708000;47.8;3384084
Trigo;2020/2021;XIII;12000;2000;10000;13.1;13112
Trigo;2020/2021;XIV;133000;4000;129000;37.8;487915
Trigo;2020/2021;XV;23000;1000;22000;22.8;50222
Trigo;2020/2021;TOTAL;6500000;466200;6033800;28.2;17000000
Girasol;2000/2001;VI;25000;200;24800;20.1;49848
Girasol;2000/2001;VIII;45000;200;44800;16.5;73920
Girasol;2000/2001;VII;45000;1200;43800;18;78840
Girasol;2000/2001;X;30000;1000;29000;20;58000
Girasol;2000/2001;XI;380000;25900;354100;15;531150
Girasol;2000/2001;XII;580000;9000;571000;15.5;885050
Girasol;2000/2001;TOTAL;1965000;80000;1885000;16.7;3148583
Girasol;2001/2002;VI;20000;0;20000;21.5;43000
Girasol;2001/2002;VIII;38000;3000;35000;16;56000
Girasol;2001/2002;VII;10000;500;9500;24;22800
Girasol;2001/2002;X;40000;2000;38000;21;79800
Girasol;2001/2002;XI;430000;3000;427000;17.5;747250
Girasol;2001/2002;XII;680000;20000;660000;16.8;1108800
Girasol;2001/2002;TOTAL;2045000;44000;2001000;19;3808800
Girasol;2002/2003;VI;22000;500;21500;17;36550
Girasol;2002/2003;VIII;50000;500;49500;13;64350
Girasol;2002/2003;VII;12000;800;11200;22;24640
Girasol;2002/2003;X;40000;800;39200;22;86240
Girasol;2002/2003;XI;460000;2200;457800;15.2;695856
Girasol;2002/2003;XII;670000;5000;665000;13.4;891100
Girasol;2002/2003;TOTAL;2300000;55300;2244700;16.1;3603486
Girasol;2003/2004;VI;15000;0;15000;20;30000
Girasol;2003/2004;VIII;25000;0;25000;19;47500
Girasol;2003/2004;VII;10000;500;9500;21.2;20140
Girasol;2003/2004;X;40000;1800;38200;21;80220
Girasol;2003/2004;XI;410000;2000;408000;16.1;656880
Girasol;2003/2004;XII;630000;7000;623000;17;1059100
Girasol;2003/2004;TOTAL;1800000;25800;1774200;17.7;3146065
Girasol;2004/2005;VI;17000;3000;14000;23;32200
Girasol;2004/2005;VIII;30000;0;30000;20;60000
Girasol;2004/2005;VII;12000;0;12000;22;26400
Girasol;2004/2005;X;46000;0;46000;27;124200
Girasol;2004/2005;XI;470000;0;470000;17;799000
Girasol;2004/2005;XII;700000;5000;695000;19.6;1362200
Girasol;2004/2005;TOTAL;1920000;55000;1865000;18.9;3524800
Girasol;2005/2006;VI;15000;200;14800;21;31080
Girasol;2005/2006;VIII;48000;500;47500;19.3;91675
Girasol;2005/2006;VII;16000;0;16000;22;35200
Girasol;2005/2006;X;50000;500;49500;23;113850
Girasol;2005/2006;XI;495000;2000;493000;15;739500
Girasol;2005/2006;XII;710000;0;710000;19.7;1398700
Girasol;2005/2006;TOTAL;2210000;60000;2150000;17.6;3779065
Girasol;2006/2007;VI;16000;500;15500;17;26350
Girasol;2006/2007;VIII;53000;1300;51700;14;72380
Girasol;2006/2007;VII;17000;0;17000;22;37400
Girasol;2006/2007;X;56000;500;55500;22;122100
Girasol;2006/2007;XI;583000;15500;567500;13.6;771800
Girasol;2006/2007;XII;695000;10000;685000;13.8;945300
Girasol;2006/2007;TOTAL;2385000;43000;2342000;14.5;3398870
Girasol;2007/2008;I;0;0;0;0;0
Girasol;2007/2008;II;325000;12000;313000;18.3;572790
Girasol;2007/2008;III;5000;0;5000;21;10500
Girasol;2007/2008;IV;114000;2500;111500;21;234150
Girasol;2007/2008;V;155000;1500;153500;22;337700
Girasol;2007/2008;VI;18000;0;18000;27.4;49320
Girasol;2007/2008;VII;19000;0;19000;27;51300
Girasol;2007/2008;VIII;60000;3000;57000;18;102600
Girasol;2007/2008;IX;386000;2500;383500;18.3;701805
Girasol;2007/2008;X;63000;3200;59800;21;125580
Girasol;2007/2008;XI;690000;20700;669300;13.5;903555
Girasol;2007/2008;XII;760000;15200;744800;16.9;1258712
Girasol;2007/2008;TOTAL;2700000;64100;2635900;17.1;4520562
Girasol;2008/2009;I;0;0;0;0;0
Girasol;2008/2009;II;165000;25000;140000;8;112000
Girasol;2008/2009;III;6000;200;5800;25;14500
Girasol;2008/2009;IV;90000;2000;88000;23;202400
Girasol;2008/2009;V;156000;20000;136000;12;163200
Girasol;2008/2009;VI;12000;0;12000;20;24000
Girasol;2008/2009;VII;13000;0;13000;21;27300
Girasol;2008/2009;VIII;50000;20000;30000;11;33000
Girasol;2008/2009;IX;325000;1000;324000;21;680400
Girasol;2008/2009;X;57000;2300;54700;23;125810
Girasol;2008/2009;XI;558000;30000;528000;11.1;586080
Girasol;2008/2009;XII;627000;40000;587000;14.4;845280
Girasol;2008/2009;XIII;80000;1300;78700;18;141660
Girasol;2008/2009;XIV;85000;900;84100;23;193430
Girasol;2008/2009;XV;6000;150;5850;8;4680
Girasol;2008/2009;Total;2230000;142850;2087150;15.1;3153740
Girasol;2009/2010;I;0;0;0;0;0
Girasol;2009/2010;II;62000;6820;55180;7;38626
Girasol;2009/2010;III;2000;240;1760;20;3520
Girasol;2009/2010;IV;15000;750;14250;14;19950
Girasol;2009/2010;V;140000;28000;112000;11;123200
Girasol;2009/2010;VI;4000;400;3600;21;7560
Girasol;2009/2010;VII;4000;600;3400;22;7480
Girasol;2009/2010;VIII;20000;2200;17800;10;17800
Girasol;2009/2010;IX;160000;3200;156800;21;329280
Girasol;2009/2010;X;36000;540;35460;25;88650
Girasol;2009/2010;XI;300000;14000;286000;11;314600
Girasol;2009/2010;XII;460000;4600;455400;22;1001880
Girasol;2009/2010;XIII;25000;5000;20000;14;28000
Girasol;2009/2010;XIV;68000;1360;66640;26;173264
Girasol;2009/2010;XV;4000;800;3200;6;1920
Girasol;2009/2010;Total;1300000;68510;1231490;17.5;2155730
Girasol;2010/2011;I;0;0;0;0;0
Girasol;2010/2011;II;190000;7600;182400;18;328320
Girasol;2010/2011;III;3000;120;2880;17;4896
Girasol;2010/2011;IV;25000;500;24500;19;46550
Girasol;2010/2011;V;170000;5950;164050;19.5;319898
Girasol;2010/2011;VI;8000;200;7800;21;16380
Girasol;2010/2011;VII;7000;280;6720;21.5;14448
Girasol;2010/2011;VIII;12000;360;11640;18;20952
Girasol;2010/2011;IX;180000;7200;172800;21;362880
Girasol;2010/2011;X;38000;1140;36860;23.5;86621
Girasol;2010/2011;XI;450000;15750;434250;17;738225
Girasol;2010/2011;XII;528000;15840;512160;24;1229184
Girasol;2010/2011;XIII;45000;1350;43650;15.5;67658
Girasol;2010/2011;XIV;70000;2100;67900;23.5;159565
Girasol;2010/2011;XV;4000;140;3860;13;5018
Girasol;2010/2011;Total;1730000;58530;1671470;20.3;3400594
Girasol;2011/2012;I;0;0;0;0;0
Girasol;2011/2012;II;270000;12150;257850;17.5;451238
Girasol;2011/2012;III;3000;75;2925;16;4680
Girasol;2011/2012;IV;22500;450;22050;18.5;40793
Girasol;2011/2012;V;175000;7000;168000;20;336000
Girasol;2011/2012;VI;7500;210;7290;23;16767
Girasol;2011/2012;VII;7000;190;6810;23;15663
Girasol;2011/2012;VIII;10000;400;9600;17.5;16800
Girasol;2011/2012;IX;185000;7400;177600;20.5;364080
Girasol;2011/2012;X;46000;1380;44620;23;102626
Girasol;2011/2012;XI;465000;18600;446400;17;758880
Girasol;2011/2012;XII;550000;13750;536250;23.5;1260188
Girasol;2011/2012;XIII;37000;740;36260;14;50764
Girasol;2011/2012;XIV;78000;1560;76440;23;175812
Girasol;2011/2012;XV;4000;140;3860;13;5018
Girasol;2011/2012;TOTAL;1860000;64045;1795955;20;3599308
Girasol;2012/2013;I;0;0;0;0;0
Girasol;2012/2013;II;370000;24000;346000;16.5;570900
Girasol;2012/2013;III;3000;400;2600;18;4680
Girasol;2012/2013;IV;22000;700;21300;17.5;37275
Girasol;2012/2013;V;195000;7500;187500;19;356250
Girasol;2012/2013;VI;7500;120;7380;24;17712
Girasol;2012/2013;VII;7000;200;6800;23;15640
Girasol;2012/2013;VIII;9500;700;8800;15.5;13640
Girasol;2012/2013;IX;115000;20000;95000;21;199500
Girasol;2012/2013;X;27000;5000;22000;22;48400
Girasol;2012/2013;XI;460000;17000;443000;17.5;775250
Girasol;2012/2013;XII;475000;20000;455000;23.5;1069250
Girasol;2012/2013;XIII;32000;6000;26000;13;33800
Girasol;2012/2013;XIV;73000;3500;69500;22;152900
Girasol;2012/2013;XV;4000;250;3750;15;5625
Girasol;2012/2013;TOTAL;1800000;105370;1694630;19.5;3300822
Girasol;2013/2014;I;0;0;0;0;0
Girasol;2013/2014;II;230000;23000;207000;11.5;238050
Girasol;2013/2014;III;3000;350;2650;20;5300
Girasol;2013/2014;IV;22000;400;21600;18;38880
Girasol;2013/2014;V;150000;1500;148500;18;267300
Girasol;2013/2014;VI;7000;150;6850;22;15070
Girasol;2013/2014;VII;9000;200;8800;26;22880
Girasol;2013/2014;VIII;5000;350;4650;13.5;6278
Girasol;2013/2014;IX;100000;9000;91000;22;200200
Girasol;2013/2014;X;45000;1350;43650;20;87300
Girasol;2013/2014;XI;420000;22000;398000;11.5;457700
Girasol;2013/2014;XII;380000;5300;374700;20;749400
Girasol;2013/2014;XIII;30000;2400;27600;18;49680
Girasol;2013/2014;XIV;75000;3000;72000;21.5;154800
Girasol;2013/2014;XV;4000;200;3800;19;7220
Girasol;2013/2014;TOTAL;1480000;69200;1410800;16.3;2300058
Girasol;2014/2015;I;0;0;0;0;0
Girasol;2014/2015;II;180000;8000;172000;19;326800
Girasol;2014/2015;III;3000;350;2650;12.9;3419
Girasol;2014/2015;IV;15000;500;14500;23;33350
Girasol;2014/2015;V;135000;7000;128000;19;243200
Girasol;2014/2015;VI;7000;350;6650;24;15960
Girasol;2014/2015;VII;7000;350;6650;28;18620
Girasol;2014/2015;VIII;4000;350;3650;18.1;6610
Girasol;2014/2015;IX;145000;7000;138000;25.4;350934
Girasol;2014/2015;X;55000;2000;53000;26;137800
Girasol;2014/2015;XI;360000;9000;351000;20.7;726570
Girasol;2014/2015;XII;340000;5000;335000;24.8;829125
Girasol;2014/2015;XIII;20000;2300;17700;17.3;30621
Girasol;2014/2015;XIV;75000;2600;72400;23.8;172312
Girasol;2014/2015;XV;4000;200;3800;14.1;5358
Girasol;2014/2015;TOTAL;1350000;45000;1305000;22.2;2900679
Girasol;2015/2016;I;0;0;0;0;0
Girasol;2015/2016;II;250000;9000;241000;19.4;467540
Girasol;2015/2016;III;4000;100;3900;16;6250
Girasol;2015/2016;IV;20000;1300;18700;19.6;36652
Girasol;2015/2016;V;180000;8400;171600;19.6;336994
Girasol;2015/2016;VI;8000;350;7650;21.9;16772
Girasol;2015/2016;VII;7000;250;6750;23.4;15794
Girasol;2015/2016;VIII;4000;200;3800;16.4;6228
Girasol;2015/2016;IX;130000;5000;125000;22.5;281722
Girasol;2015/2016;X;45000;1800;43200;23.3;100818
Girasol;2015/2016;XI;320000;10000;310000;20.2;627604
Girasol;2015/2016;XII;305000;8000;297000;23.6;701475
Girasol;2015/2016;XIII;23000;600;22400;17.1;38347
Girasol;2015/2016;XIV;70000;2800;67200;23.5;157696
Girasol;2015/2016;XV;4000;200;3800;16.6;6289
Girasol;2015/2016;TOTAL;1370000;48000;1322000;21.2;2800181
Girasol;2016/2017;I;0;0;0;0;0
Girasol;2016/2017;II;325000;30000;295000;18.2;538080
Girasol;2016/2017;III;4000;500;3500;16.4;5754
Girasol;2016/2017;IV;21000;1000;20000;20.8;41680
Girasol;2016/2017;V;230000;15000;215000;19.1;410650
Girasol;2016/2017;VI;10000;500;9500;22.6;21508
Girasol;2016/2017;VII;8000;400;7600;23.8;18088
Girasol;2016/2017;VIII;6000;400;5600;17.3;9675
Girasol;2016/2017;IX;130000;6000;124000;24.3;300815
Girasol;2016/2017;X;65000;2000;63000;22;138602
Girasol;2016/2017;XI;410000;8000;402000;20.4;824363
Girasol;2016/2017;XII;360000;6000;354000;20.6;730661
Girasol;2016/2017;XIII;24000;800;23200;19.1;44289
Girasol;2016/2017;XIV;100000;2000;98000;20.9;204672
Girasol;2016/2017;XV;7000;400;6600;16.9;11164
Girasol;2016/2017;TOTAL;1700000;73000;1627000;20.3;3300000
Girasol;2017/2018;I;0;0;0;0;0
Girasol;2017/2018;II;380000;15000;365000;19.8;724373
Girasol;2017/2018;III;5000;500;4500;18;8080
Girasol;2017/2018;IV;21000;1500;19500;22.7;44325
Girasol;2017/2018;V;260000;8800;251200;23.2;583059
Girasol;2017/2018;VI;12000;800;11200;23.4;26171
Girasol;2017/2018;VII;9000;500;8500;24.1;20463
Girasol;2017/2018;VIII;7000;400;6600;20.1;13274
Girasol;2017/2018;IX;110000;5000;105000;25.5;267843
Girasol;2017/2018;X;55000;3000;52000;22.4;116630
Girasol;2017/2018;XI;370000;10000;360000;14.7;528066
Girasol;2017/2018;XII;390000;9000;381000;23.7;897929
Girasol;2017/2018;XIII;24000;1000;23000;18.8;43353
Girasol;2017/2018;XIV;100000;4000;96000;22.4;215276
Girasol;2017/2018;XV;7000;500;6500;17.2;11161
Girasol;2017/2018;TOTAL;1750000;60000;1690000;20.7;3500000
Girasol;2018/2019;I;0;0;0;0;0
Girasol;2018/2019;II;400000;26000;374000;18;671493
Girasol;2018/2019;III;7000;600;6400;19.7;12579
Girasol;2018/2019;IV;25000;1500;23500;22.9;53745
Girasol;2018/2019;V;280000;15400;264600;21.2;560952
Girasol;2018/2019;VI;12000;900;11100;22.5;24975
Girasol;2018/2019;VII;9000;800;8200;24;19664
Girasol;2018/2019;VIII;8000;600;7400;23.7;17502
Girasol;2018/2019;IX;140000;2800;137200;23.4;321622
Girasol;2018/2019;X;70000;2100;67900;22.8;154473
Girasol;2018/2019;XI;365000;9200;355800;21.1;750738
Girasol;2018/2019;XII;400000;8800;391200;23.5;919319
Girasol;2018/2019;XIII;26000;1300;24700;19.4;47993
Girasol;2018/2019;XIV;100000;1600;98400;23.4;230158
Girasol;2018/2019;XV;8000;800;7200;20.5;14788
Girasol;2018/2019;TOTAL;1850000;72400;1777600;21.4;3800000
Girasol;2019/2020;I;0;0;0;0;0
Girasol;2019/2020;II;260000;15000;245000;19.6;480200
Girasol;2019/2020;III;5500;500;5000;20.2;10084
Girasol;2019/2020;IV;20500;1500;19000;23.2;44113
Girasol;2019/2020;V;202000;10000;192000;22.4;429629
Girasol;2019/2020;VI;10000;1000;9000;23.8;21430
Girasol;2019/2020;VII;8500;750;7750;23.4;18119
Girasol;2019/2020;VIII;7500;1000;6500;20.5;13303
Girasol;2019/2020;IX;105000;9000;96000;23.9;228960
Girasol;2019/2020;X;60000;3000;57000;24.4;138890
Girasol;2019/2020;XI;300000;15000;285000;20;570000
Girasol;2019/2020;XII;350000;16000;334000;23.9;796590
Girasol;2019/2020;XIII;18000;2000;16000;16.1;25815
Girasol;2019/2020;XIV;95000;3500;91500;23;210450
Girasol;2019/2020;XV;8000;750;7250;17.1;12417
Girasol;2019/2020;TOTAL;1450000;79000;1371000;21.9;3000000
Girasol;2020/2021;I;0;0;0;0;0
Girasol;2020/2021;II;94000;6580;87420;13.5;118017
Girasol;2020/2021;III;5500;320;5180;18;9324
Girasol;2020/2021;IV;21000;1300;19700;20.8;40976
Girasol;2020/2021;V;160000;9440;150560;20.6;310154
Girasol;2020/2021;VI;10500;50;10450;20.5;21423
Girasol;2020/2021;VII;8500;120;8380;24.8;20782
Girasol;2020/2021;VIII;7500;500;7000;21.3;14910
Girasol;2020/2021;IX;135000;4418;130582;27.5;359100
Girasol;2020/2021;X;69000;2200;66800;23.1;154308
Girasol;2020/2021;XI;395000;9085;385915;20.4;787267
Girasol;2020/2021;XII;417000;8757;408243;21;857310
Girasol;2020/2021;XIII;19000;1100;17900;16.6;29714
Girasol;2020/2021;XIV;100000;3100;96900;27.2;263568
Girasol;2020/2021;XV;8000;400;7600;17.3;13148
Girasol;2020/2021;TOTAL;1450000;47370;1402630;21.6;3000000
Cebada;2009/2010;III;500;350;150;10;150
Cebada;2009/2010;IV;5000;2000;3000;12;3600
Cebada;2009/2010;VI;5000;0;5000;25;12500
Cebada;2009/2010;VII;20000;0;20000;38;76000
Cebada;2009/2010;IX;15000;4500;10500;24;25200
Cebada;2009/2010;X;25000;450;24550;35;85925
Cebada;2009/2010;XI;60000;48000;12000;11;13200
Cebada;2009/2010;XII;425000;65000;360000;42;1512000
Cebada;2009/2010;XIV;5000;600;4400;40;17600
Cebada;2009/2010;TOTAL;560500;120900;439600;39.7;1746175
Cebada;2010/2011;II;2100;2100;0;0;0
Cebada;2010/2011;III;400;300;100;20;200
Cebada;2010/2011;IV;4000;1200;2800;22;6160
Cebada;2010/2011;VI;6000;800;5200;45;23400
Cebada;2010/2011;VII;24000;250;23750;46;109250
Cebada;2010/2011;IX;14000;1500;12500;40;50000
Cebada;2010/2011;X;30000;200;29800;42;125160
Cebada;2010/2011;XI;53000;7500;45500;25;113750
Cebada;2010/2011;XII;485500;22300;463200;45;2084400
Cebada;2010/2011;XIV;6000;500;5500;42;23100
Cebada;2010/2011;TOTAL;625000;36650;588350;43.1;2535420
Cebada;2011/2012;III;600;250;350;20;700
Cebada;2011/2012;IV;5500;1000;4500;22;9900
Cebada;2011/2012;V;1000;200;800;31;2480
Cebada;2011/2012;VI;24000;2900;21100;36;75960
Cebada;2011/2012;VII;108000;6500;101500;37;375550
Cebada;2011/2012;VIII;3600;600;3000;30;9000
Cebada;2011/2012;IX;94000;7200;86800;32;277760
Cebada;2011/2012;X;58000;5000;53000;39;206700
Cebada;2011/2012;XI;190000;26000;164000;24;393600
Cebada;2011/2012;XII;680000;22000;658000;45.5;2993900
Cebada;2011/2012;XIII;500;500;0;0;0
Cebada;2011/2012;XIV;14800;1400;13400;42;56280
Cebada;2011/2012;TOTAL;1180000;73550;1106450;39.8;4401830
Cebada;2012/2013;II;700;250;450;18;810
Cebada;2012/2013;III;600;150;450;21;945
Cebada;2012/2013;IV;6600;550;6050;23;13915
Cebada;2012/2013;V;2800;280;2520;25;6300
Cebada;2012/2013;VI;35000;2000;33000;26;85800
Cebada;2012/2013;VII;143000;10000;133000;22;292600
Cebada;2012/2013;VIII;5800;550;5250;21;11025
Cebada;2012/2013;IX;122000;17000;105000;27;283500
Cebada;2012/2013;X;79000;16500;62500;25;156250
Cebada;2012/2013;XI;285000;20000;265000;27;715500
Cebada;2012/2013;XII;870000;46000;824000;41;3378400
Cebada;2012/2013;XIII;500;500;0;0;0
Cebada;2012/2013;XIV;19000;2000;17000;34;57800
Cebada;2012/2013;TOTAL;1570000;115780;1454220;34.4;5002035
Cebada;2013/2014;III;500;300;200;12;240
Cebada;2013/2014;IV;5000;2000;3000;14.8;4440
Cebada;2013/2014;V;1500;800;700;17;1190
Cebada;2013/2014;VI;25000;10000;15000;25;37500
Cebada;2013/2014;VII;90000;8000;82000;34.5;282900
Cebada;2013/2014;VIII;3000;900;2100;27;5670
Cebada;2013/2014;IX;110000;10000;100000;30;300000
Cebada;2013/2014;X;63000;2500;60500;44.5;269225
Cebada;2013/2014;XI;245000;5000;240000;24;576000
Cebada;2013/2014;XII;710000;10000;700000;46.6;3262000
Cebada;2013/2014;XIV;17000;2000;15000;43;64500
Cebada;2013/2014;TOTAL;1270000;51500;1218500;39.4;4803665
Cebada;2014/2015;III;600;250;350;16;560
Cebada;2014/2015;IV;3500;700;2800;25;7000
Cebada;2014/2015;V;900;200;700;24.2;1694
Cebada;2014/2015;VI;16000;2400;13600;34;46240
Cebada;2014/2015;VII;54000;7500;46500;33;153450
Cebada;2014/2015;VIII;2000;240;1760;25;4400
Cebada;2014/2015;IX;75000;5000;70000;32.1;224700
Cebada;2014/2015;X;35000;5000;30000;34.4;103200
Cebada;2014/2015;XI;195000;12000;183000;30.6;559431
Cebada;2014/2015;XII;530000;94310;435690;39.7;1729725
Cebada;2014/2015;XIV;8000;2400;5600;35;19600
Cebada;2014/2015;TOTAL;920000;130000;790000;36.1;2850000
Cebada;2015/2016;I;0;0;0;0;0
Cebada;2015/2016;II;0;0;0;0;0
Cebada;2015/2016;III;2000;250;1750;16.9;2958
Cebada;2015/2016;IV;7000;2000;5000;29.9;14950
Cebada;2015/2016;V;2000;250;1750;23.4;4061
Cebada;2015/2016;VI;30000;6000;24000;35;84000
Cebada;2015/2016;VII;70000;11000;59000;39.4;232401
Cebada;2015/2016;VIII;5000;500;4500;25;11250
Cebada;2015/2016;IX;132000;20000;112000;34;380650
Cebada;2015/2016;X;75000;17000;58000;39.9;231220
Cebada;2015/2016;XI;215000;35000;180000;31;558000
Cebada;2015/2016;XII;750000;61000;689000;45.9;3161610
Cebada;2015/2016;XIII;0;0;0;0;0
Cebada;2015/2016;XIV;12000;7000;5000;37.8;18900
Cebada;2015/2016;XV;0;0;0;0;0
Cebada;2015/2016;TOTAL;1300000;160000;1140000;41.2;4700000
Cebada;2016/2017;I;0;0;0;0;0
Cebada;2016/2017;II;0;0;0;0;0
Cebada;2016/2017;III;2000;300;1700;20.5;3477
Cebada;2016/2017;IV;6000;1250;4750;28.6;13580
Cebada;2016/2017;V;2000;520;1480;23.2;3438
Cebada;2016/2017;VI;30000;4320;25680;34.2;87857
Cebada;2016/2017;VII;62000;4050;57950;39;226204
Cebada;2016/2017;VIII;3000;160;2840;27;7679
Cebada;2016/2017;IX;100000;10800;89200;38.9;346776
Cebada;2016/2017;X;65000;6600;58400;42.2;246570
Cebada;2016/2017;XI;168000;16400;151600;32.9;498764
Cebada;2016/2017;XII;504000;33000;471000;41.2;1940049
Cebada;2016/2017;XIII;0;0;0;0;0
Cebada;2016/2017;XIV;8000;1600;6400;40.9;26170
Cebada;2016/2017;XV;0;0;0;0;0
Cebada;2016/2017;TOTAL;950000;79000;871000;39;3400000
Cebada;2017/2018;I;0;0;0;0;0
Cebada;2017/2018;II;0;0;0;0;0
Cebada;2017/2018;III;3000;500;2500;19.4;4850
Cebada;2017/2018;IV;12000;1600;10400;27.8;28912
Cebada;2017/2018;V;5000;500;4500;22.9;10305
Cebada;2017/2018;VI;42000;3000;39000;38.4;149838
Cebada;2017/2018;VII;70000;4600;65400;43.8;286125
Cebada;2017/2018;VIII;8000;700;7300;26.5;19345
Cebada;2017/2018;IX;95000;12000;83000;42.8;355240
Cebada;2017/2018;X;60000;9500;50500;41.3;208565
Cebada;2017/2018;XI;208000;14000;194000;32.4;627590
Cebada;2017/2018;XII;387000;18000;369000;48.2;1777104
Cebada;2017/2018;XIII;0;0;0;0;0
Cebada;2017/2018;XIV;10000;1600;8400;39.2;32960
Cebada;2017/2018;XV;0;0;0;0;0
Cebada;2017/2018;TOTAL;900000;66000;834000;42;3500000
Cebada;2018/2019;I;0;0;;0;0
Cebada;2018/2019;II;0;0;;0;0
Cebada;2018/2019;III;3000;400;2600;22.3;5800
Cebada;2018/2019;IV;12000;1500;10500;32.4;34000
Cebada;2018/2019;V;5000;500;4500;31;13950
Cebada;2018/2019;VI;42000;3200;38800;28.1;109000
Cebada;2018/2019;VII;70000;5400;64600;49.5;319750
Cebada;2018/2019;VIII;8000;1000;7000;31;21700
Cebada;2018/2019;IX;130000;20000;110000;42;462000
Cebada;2018/2019;X;98000;1500;96500;46.9;452500
Cebada;2018/2019;XI;270000;10000;260000;38;988000
Cebada;2018/2019;XII;550000;25000;525000;44.6;2341500
Cebada;2018/2019;XIII;0;0;0;;0
Cebada;2018/2019;XIV;12000;1600;10400;49.8;51800
Cebada;2018/2019;XV;0;0;0;;0
Cebada;2018/2019;TOTAL;1200000;70100;1129900;43.3;4800000
Cebada;2019/2020;I;0;0;0;0;0
Cebada;2019/2020;II;0;0;0;0;0
Cebada;2019/2020;III;8000;700;7300;27.9;20400
Cebada;2019/2020;IV;4500;700;3800;21.1;8000
Cebada;2019/2020;V;4500;600;3900;34.9;13600
Cebada;2019/2020;VI;23000;1500;21500;34.9;75000
Cebada;2019/2020;VII;44000;2500;41500;45;186700
Cebada;2019/2020;VIII;3000;200;2800;30;8400
Cebada;2019/2020;IX;110000;8600;101400;32;324900
Cebada;2019/2020;X;91000;7200;83800;32.3;270900
Cebada;2019/2020;XI;250000;29200;220800;13.7;303200
Cebada;2019/2020;XII;450000;15700;434300;51.8;2250900
Cebada;2019/2020;XIII;0;0;0;0;0
Cebada;2019/2020;XIV;12000;1300;10700;35.5;38000
Cebada;2019/2020;XV;0;0;0;0;0
Cebada;2019/2020;TOTAL;1000000;68200;931800;37;3500000
Sorgo;2009/2010;I;19800;396;19404;40;77616
Sorgo;2009/2010;II;193800;29070;164730;50;823650
Sorgo;2009/2010;III;114000;28500;85500;60;513000
Sorgo;2009/2010;IV;36000;1800;34200;50;171000
Sorgo;2009/2010;V;180000;54000;126000;55;693000
Sorgo;2009/2010;VI;38850;777;38073;65;247475
Sorgo;2009/2010;VII;18700;561;18139;60;108834
Sorgo;2009/2010;VIII;100300;10500;89800;42;377160
Sorgo;2009/2010;IX;36000;14400;21600;50;108000
Sorgo;2009/2010;X;7700;154;7546;60;45276
Sorgo;2009/2010;XI;104000;36400;67600;40;270400
Sorgo;2009/2010;XII;5850;293;5558;50;27788
Sorgo;2009/2010;XIII;51300;2565;48735;45;219308
Sorgo;2009/2010;XIV;22800;456;22344;60;134064
Sorgo;2009/2010;XV;19200;384;18816;40;75264
Sorgo;2009/2010;TOTAL;948300;179860;768045;50.7;3891834
Sorgo;2010/2011;I;19800;990;18810;40;75240
Sorgo;2010/2011;II;174420;17442;156978;38.7;607505
Sorgo;2010/2011;III;108300;12996;95304;55;524172
Sorgo;2010/2011;IV;34200;5130;29070;42;122094
Sorgo;2010/2011;V;174600;43650;130950;50;654750
Sorgo;2010/2011;VI;41570;3326;38244;65;248589
Sorgo;2010/2011;VII;20570;617;19953;63;125703
Sorgo;2010/2011;VIII;95285;10500;84785;45;381533
Sorgo;2010/2011;IX;39600;9900;29700;46.5;138105
Sorgo;2010/2011;X;8470;424;8047;55;44256
Sorgo;2010/2011;XI;114400;34320;80080;30;240240
Sorgo;2010/2011;XII;5850;293;5558;48;26676
Sorgo;2010/2011;XIII;43605;2180;41425;55;227836
Sorgo;2010/2011;XIV;22800;456;22344;55;122892
Sorgo;2010/2011;XV;18624;372;18252;40;73006
Sorgo;2010/2011;TOTAL;922094;141605;779499;46.3;3612596
Sorgo;2011/2012;I;22572;2257;20315;33;67040
Sorgo;2011/2012;II;216281;25954;190327;27;513883
Sorgo;2011/2012;III;129960;12996;116964;51;596516
Sorgo;2011/2012;IV;42408;6361;36047;50;180235
Sorgo;2011/2012;V;195552;25422;170130;40;680520
Sorgo;2011/2012;VI;51546;4124;47422;62;294016
Sorgo;2011/2012;VII;24067;722;23345;60;140070
Sorgo;2011/2012;VIII;120059;10500;109559;51;558751
Sorgo;2011/2012;IX;45936;8728;37208;53;197202
Sorgo;2011/2012;X;8894;1067;7827;48;37570
Sorgo;2011/2012;XI;134992;24299;110693;35;387426
Sorgo;2011/2012;XII;6435;322;6113;43;26286
Sorgo;2011/2012;XIII;52326;2616;49710;41;203811
Sorgo;2011/2012;XIV;28500;570;27930;50;139650
Sorgo;2011/2012;XV;20859;417;20442;39;79724
Sorgo;2011/2012;TOTAL;1100387;126355;974032;42.1;4102699
Sorgo;2012/2013;I;24000;3600;20400;38;77520
Sorgo;2012/2013;II;230000;11000;219000;35;766500
Sorgo;2012/2013;III;134000;9500;124500;55;684750
Sorgo;2012/2013;IV;47000;4500;42500;56;238000
Sorgo;2012/2013;V;195500;18000;177500;40;710000
Sorgo;2012/2013;VI;51500;1800;49700;64;318080
Sorgo;2012/2013;VII;26000;1000;25000;63;157500
Sorgo;2012/2013;VIII;96000;8000;88000;45;396000
Sorgo;2012/2013;IX;42000;3300;38700;48;185760
Sorgo;2012/2013;X;8000;700;7300;50;36500
Sorgo;2012/2013;XI;138000;8000;130000;35;455000
Sorgo;2012/2013;XII;7000;500;6500;50;32500
Sorgo;2012/2013;XIII;52000;3000;49000;48;235200
Sorgo;2012/2013;XIV;29000;2300;26700;55;146850
Sorgo;2012/2013;XV;20000;5000;15000;40;60000
Sorgo;2012/2013;TOTAL;1100000;80200;1019800;44.1;4500160
Sorgo;2013/2014;I;24000;1600;22400;34;76160
Sorgo;2013/2014;II;245000;11500;233500;40.5;945675
Sorgo;2013/2014;III;134000;6000;128000;50.7;648960
Sorgo;2013/2014;IV;44000;4500;39500;47;185650
Sorgo;2013/2014;V;205000;15700;189300;47.2;892994
Sorgo;2013/2014;VI;40000;1900;38100;60;228600
Sorgo;2013/2014;VII;20000;850;19150;61.5;117773
Sorgo;2013/2014;VIII;85000;9000;76000;50.9;386840
Sorgo;2013/2014;IX;45000;10500;34500;49;169016
Sorgo;2013/2014;X;8000;700;7300;33;24090
Sorgo;2013/2014;XI;120000;45000;75000;23;172500
Sorgo;2013/2014;XII;7000;600;6400;32;20480
Sorgo;2013/2014;XIII;52000;3100;48900;40;195600
Sorgo;2013/2014;XIV;29000;1500;27500;55;151250
Sorgo;2013/2014;XV;22000;1900;20100;42;84420
Sorgo;2013/2014;TOTAL;1080000;114350;965650;44.5;4300007
Sorgo;2014/2015;I;24000;1200;22800;39.4;89832
Sorgo;2014/2015;II;190000;13000;177000;37.5;662865
Sorgo;2014/2015;III;100000;15000;85000;54.7;464950
Sorgo;2014/2015;IV;34000;4000;30000;56.2;168600
Sorgo;2014/2015;V;150000;21000;129000;46;593813
Sorgo;2014/2015;VI;32000;3000;29000;61.5;178205
Sorgo;2014/2015;VII;17000;1000;16000;61.8;98880
Sorgo;2014/2015;VIII;65000;7000;58000;47.1;273006
Sorgo;2014/2015;IX;40000;5000;35000;51.6;180600
Sorgo;2014/2015;X;8000;250;7750;52.5;40688
Sorgo;2014/2015;XI;80000;7000;73000;37.9;276672
Sorgo;2014/2015;XII;7000;250;6750;33;22275
Sorgo;2014/2015;XIII;52000;3000;49000;50.1;245490
Sorgo;2014/2015;XIV;29000;1500;27500;47.5;130625
Sorgo;2014/2015;XV;22000;1000;21000;35;73500
Sorgo;2014/2015;TOTAL;850000;83200;766800;45.6;3500000
Sorgo;2015/2016;I;23500;2000;21500;40;86000
Sorgo;2015/2016;II;200000;14880;185120;38;703456
Sorgo;2015/2016;III;100000;8000;92000;52;478400
Sorgo;2015/2016;IV;36500;3500;33000;56;184800
Sorgo;2015/2016;V;146000;25000;121000;44;532400
Sorgo;2015/2016;VI;31000;4850;26150;59;154285
Sorgo;2015/2016;VII;17000;1600;15400;59.8;92092
Sorgo;2015/2016;VIII;62000;9000;53000;43.9;232564
Sorgo;2015/2016;IX;40000;3600;36400;50.1;182364
Sorgo;2015/2016;X;10000;900;9100;48;43680
Sorgo;2015/2016;XI;80000;5500;74500;38;283100
Sorgo;2015/2016;XII;7000;780;6220;40;24880
Sorgo;2015/2016;XIII;50000;2917;47083;44;207167
Sorgo;2015/2016;XIV;29000;2500;26500;51.5;136475
Sorgo;2015/2016;XV;18000;2100;15900;36.7;58353
Sorgo;2015/2016;TOTAL;850000;87127;762874;44.7;3400000
Sorgo;2016/2017;I;23000;2050;20950;34.3;71908
Sorgo;2016/2017;II;200000;14500;185500;40.3;747439
Sorgo;2016/2017;III;80000;7200;72800;58.6;426539
Sorgo;2016/2017;IV;30000;4000;26000;59.2;153900
Sorgo;2016/2017;V;138000;22500;115500;51;589429
Sorgo;2016/2017;VI;30000;4300;25700;61.6;158203
Sorgo;2016/2017;VII;17000;1900;15100;59.3;89476
Sorgo;2016/2017;VIII;60000;7000;53000;52.9;280200
Sorgo;2016/2017;IX;40000;4000;36000;41;147400
Sorgo;2016/2017;X;10000;1000;9000;38.2;34355
Sorgo;2016/2017;XI;80000;5000;75000;25.4;190700
Sorgo;2016/2017;XII;7000;950;6050;29.6;17913
Sorgo;2016/2017;XIII;45000;3000;42000;35.6;149311
Sorgo;2016/2017;XIV;25000;2600;22400;37.6;84331
Sorgo;2016/2017;XV;15000;2000;13000;45.3;58895
Sorgo;2016/2017;TOTAL;800000;82000;718000;44.6;3200000
Sorgo;2017/2018;I;23000;2050;20950;28.3;59301
Sorgo;2017/2018;II;220000;13000;207000;30.3;626948
Sorgo;2017/2018;III;80000;7200;72800;50;363770
Sorgo;2017/2018;IV;30000;4000;26000;45.1;117265
Sorgo;2017/2018;V;143000;18000;125000;37;462121
Sorgo;2017/2018;VI;30000;4300;25700;49.8;128057
Sorgo;2017/2018;VII;17000;1900;15100;50.6;76451
Sorgo;2017/2018;VIII;65000;7000;58000;38;220140
Sorgo;2017/2018;IX;40000;3500;36500;38.9;142078
Sorgo;2017/2018;X;10000;1000;9000;38.2;34376
Sorgo;2017/2018;XI;80000;5000;75000;25.2;189012
Sorgo;2017/2018;XII;7000;950;6050;27.7;16780
Sorgo;2017/2018;XIII;45000;3000;42000;35.2;147838
Sorgo;2017/2018;XIV;25000;2600;22400;32;71680
Sorgo;2017/2018;XV;15000;2000;13000;36.6;47591
Sorgo;2017/2018;TOTAL;830000;75500;754500;35.8;2703409
Sorgo;2018/2019;I;21000;1870;19130;31.7;60675
Sorgo;2018/2019;II;190000;11225;178775;32.2;576328
Sorgo;2018/2019;III;70000;6300;63700;49.6;315863
Sorgo;2018/2019;IV;25000;3320;21680;45.6;98848
Sorgo;2018/2019;V;130000;16000;114000;36.8;420029
Sorgo;2018/2019;VI;25000;3580;21420;55;117838
Sorgo;2018/2019;VII;14000;1565;12435;54.7;67964
Sorgo;2018/2019;VIII;60000;6460;53540;41.3;220892
Sorgo;2018/2019;IX;35000;3000;32000;40.2;128740
Sorgo;2018/2019;X;8500;850;7650;39.3;30057
Sorgo;2018/2019;XI;70000;4300;65700;28.2;185160
Sorgo;2018/2019;XII;6500;880;5620;31.2;17552
Sorgo;2018/2019;XIII;40000;2660;37340;39.2;146370
Sorgo;2018/2019;XIV;22000;2290;19710;36.2;71377
Sorgo;2018/2019;XV;13000;1700;11300;37.4;42308
Sorgo;2018/2019;TOTAL;730000;66000;664000;37.7;2500000
Sorgo;2019/2020;I;22000;2000;20000;30;59945
Sorgo;2019/2020;II;198000;12000;186000;32.3;600380
Sorgo;2019/2020;III;70000;6300;63700;48.2;306968
Sorgo;2019/2020;IV;25000;3300;21700;47.3;102672
Sorgo;2019/2020;V;135000;17000;118000;36.4;430077
Sorgo;2019/2020;VI;25000;3600;21400;52.9;113181
Sorgo;2019/2020;VII;14000;1800;12200;54;65824
Sorgo;2019/2020;VIII;60000;6500;53500;38;203279
Sorgo;2019/2020;IX;36000;3000;33000;40;131886
Sorgo;2019/2020;X;9000;1000;8000;41.2;32942
Sorgo;2019/2020;XI;72000;4500;67500;25.9;174734
Sorgo;2019/2020;XII;8000;1000;7000;30.6;21445
Sorgo;2019/2020;XIII;40000;2700;37300;37.9;141420
Sorgo;2019/2020;XIV;23000;2400;20600;37.2;76616
Sorgo;2019/2020;XV;13000;1700;11300;34.2;38632
Sorgo;2019/2020;TOTAL;750000;68800;681200;36.7;2500000
